Name, Band Gap (eV), n*_SiC, n_CH, n_SiH, n_SiSi, n_CC, SiC density, CH density, SiH density, SiSi density, CC density, HH density, Mean SiSi Length, MAD SiSi, STD SiSi, Mean CC Length, MAD CC, STD CC, Mean SiC Length, MAD SiC, STD SiC, %C, %Si, %H, Density(g/cm^3), Volume(cm^3), Free Energy, 1C, 2C, 3C, 4C, 5C, 6C, 7C, 8C, 9C, 10C, 11C, 1Si, 2Si, 3Si, 4Si, 5Si, 6Si, 7Si, 8Si, 9Si, 10Si, 11Si
/storage/home/cjb6010/work/group_work/codes/Nano-Pore-Analyzer/Crystal,1.34551,0.000000673,0,0,0,0,193.046,0,0,0,0,0,0,0,0,0,0,0,0,0,0,0.5,0.5,0,3.21334,2.24E-21,-1625.63,108,0,0,0,0,0,0,0,0,0,0,108,0,0,0,0,0,0,0,0,0,0
/storage/home/cjb6010/work/group_work/results/CH_models/1,1.39846,0.00925993,0.00925925,0,0,0,191.258,1.78746,0,0,0,0,0,0,0,0,0,0,1.88645,0.00250105,0.00424597,0.493151,0.488584,0.0182648,3.19549,2.24E-21,-1632.77,108,0,0,0,0,0,0,0,0,0,0,107,0,0,0,0,0,0,0,0,0,0
/storage/home/cjb6010/work/group_work/results/CH_models/2,1.49872,0.0370377,0.0277778,0,0,0,185.896,5.36239,0,0,0,0,0,0,0,0,0,0,1.88388,0.00530582,0.00703265,0.479821,0.466368,0.0538117,3.13004,2.24E-21,-1633.27,107,0,0,0,0,0,0,0,0,0,0,104,0,0,0,0,0,0,0,0,0,0
/storage/home/cjb6010/work/group_work/results/CH_models/3,1.65507,0.0740747,0.0555555,0,0,0,178.746,10.7248,0,0,0,0,0,0,0,0,0,0,1.87959,0.00851,0.0103668,0.46087,0.434783,0.104348,3.04674,2.24E-21,-1640.9,106,0,0,0,0,0,0,0,0,0,0,100,0,0,0,0,0,0,0,0,0,0
/storage/home/cjb6010/work/group_work/results/CH_models/4,1.63003,0.0925932,0.0648148,0,0,0,175.171,12.5122,0,0,0,0,0,0,0,0,0,0,1.87918,0.00773797,0.0101195,0.454545,0.424242,0.121212,2.99914,2.24E-21,-1633.78,105,0,0,0,0,0,0,0,0,0,0,98,0,0,0,0,0,0,0,0,0,0
/storage/home/cjb6010/work/group_work/results/CH_models/5,1.75156,0.120371,0.0833333,0,0,0,169.809,16.0872,0,0,0,0,0,0,0,0,0,0,1.8775,0.00838489,0.0108863,0.442553,0.404255,0.153191,2.93369,2.24E-21,-1633.06,104,0,0,0,0,0,0,0,0,0,0,95,0,0,0,0,0,0,0,0,0,0
/storage/home/cjb6010/work/group_work/results/CH_models/6,1.78084,0.111112,0.0833333,0,0,0,171.596,16.0872,0,0,0,0,0,0,0,0,0,0,1.87634,0.00934255,0.0111985,0.443038,0.405063,0.151899,2.96344,2.24E-21,-1648.35,105,0,0,0,0,0,0,0,0,0,0,96,0,0,0,0,0,0,0,0,0,0
/storage/home/cjb6010/work/group_work/results/CH_models/7,1.99292,0.212963,0.12963,0,0,0,151.934,25.0245,0,0,0,0,0,0,0,0,0,0,1.87354,0.00965488,0.0126827,0.4125,0.354167,0.233333,2.69568,2.24E-21,-1597.11,99,0,0,0,0,0,0,0,0,0,0,85,0,0,0,0,0,0,0,0,0,0
/storage/home/cjb6010/work/group_work/results/CH_models/8,2.06061,0.222223,0.166667,0,0,0,150.147,32.1743,0,0,0,0,0,0,0,0,0,0,1.88794,4.65E-06,6.22E-06,0.395349,0.325581,0.27907,2.71354,2.24E-21,-1656.87,102,0,0,0,0,0,0,0,0,0,0,84,0,0,0,0,0,0,0,0,0,0
/storage/home/cjb6010/work/group_work/results/CH_models/9,2.19011,0.25926,0.194444,0,0,0,142.997,37.5367,0,0,0,0,0,0,0,0,0,0,1.86629,0.0108446,0.0130015,0.381132,0.301887,0.316981,2.63024,2.24E-21,-1679.99,101,0,0,0,0,0,0,0,0,0,0,80,0,0,0,0,0,0,0,0,0,0
/storage/home/cjb6010/work/group_work/results/CH_models/10,2.46116,0.333334,0.25,0,0,0,128.697,48.2615,0,0,0,0,0,0,0,0,0,0,1.85986,0.0138135,0.0165126,0.354839,0.258065,0.387097,2.46364,2.24E-21,-1692.55,99,0,0,0,0,0,0,0,0,0,0,72,0,0,0,0,0,0,0,0,0,0
/storage/home/cjb6010/work/group_work/results/SiH_models/1,1.39174,0.0597799,0,0.0271217,0,0,181.506,0,5.23574,0,0,0,0,0,0,0,0,0,1.89691,0.00946255,0.0134481,0.466368,0.479821,0.0538117,3.09105,2.29E-21,-1612.24,104,0,0,0,0,0,0,0,0,0,0,107,0,0,0,0,0,0,0,0,0,0
/storage/home/cjb6010/work/group_work/results/SiH_models/2,1.45323,0.111272,0,0.0533237,0,0,171.565,0,10.2939,0,0,0,0,0,0,0,0,0,1.90105,0.0167984,0.0208748,0.434783,0.46087,0.104348,2.99303,2.33E-21,-1599.64,100,0,0,0,0,0,0,0,0,0,0,106,0,0,0,0,0,0,0,0,0,0
/storage/home/cjb6010/work/group_work/results/SiH_models/3,1.42396,0.158146,0,0.0789238,0,0,162.517,0,15.2359,0,0,0,0,0,0,0,0,0,1.90427,0.0183793,0.0254465,0.405063,0.443038,0.151899,2.9083,2.36E-21,-1587.72,96,0,0,0,0,0,0,0,0,0,0,105,0,0,0,0,0,0,0,0,0,0
/storage/home/cjb6010/work/group_work/results/SiH_models/4,1.46032,0.178518,0,0.0883314,0,0,158.584,0,17.052,0,0,0,0,0,0,0,0,0,1.90156,0.0160036,0.0223889,0.394068,0.436441,0.169492,2.86706,2.35E-21,-1565.08,93,0,0,0,0,0,0,0,0,0,0,103,0,0,0,0,0,0,0,0,0,0
/storage/home/cjb6010/work/group_work/results/SiH_models/5,1.63796,0.209469,0,0.0966205,0,0,152.609,0,18.6522,0,0,0,0,0,0,0,0,0,1.90227,0.0183233,0.0253177,0.382979,0.429787,0.187234,2.78894,2.36E-21,-1537.76,90,0,0,0,0,0,0,0,0,0,0,101,0,0,0,0,0,0,0,0,0,0
/storage/home/cjb6010/work/group_work/results/SiH_models/6,1.70503,0.218402,0,0.105384,0,0,150.884,0,20.344,0,0,0,0,0,0,0,0,0,1.90286,0.0179097,0.02451,0.37395,0.42437,0.201681,2.78279,2.36E-21,-1540.21,89,0,0,0,0,0,0,0,0,0,0,101,0,0,0,0,0,0,0,0,0,0
/storage/home/cjb6010/work/group_work/results/SiH_models/7,1.78258,0.242581,0,0.113178,0,0,146.217,0,21.8485,0,0,0,0,0,0,0,0,0,1.9045,0.0191227,0.0272281,0.364017,0.41841,0.217573,2.72515,2.38E-21,-1525.54,87,0,0,0,0,0,0,0,0,0,0,100,0,0,0,0,0,0,0,0,0,0
/storage/home/cjb6010/work/group_work/results/SiH_models/8,1.79867,0.254273,0,0.121397,0,0,143.96,0,23.4353,0,0,0,0,0,0,0,0,0,1.90492,0.0204895,0.0273189,0.355372,0.413223,0.231405,2.70874,2.39E-21,-1528.61,86,0,0,0,0,0,0,0,0,0,0,100,0,0,0,0,0,0,0,0,0,0
/storage/home/cjb6010/work/group_work/results/SiH_models/9,1.76905,0.284021,0,0.129394,0,0,138.217,0,24.9789,0,0,0,0,0,0,0,0,0,1.90532,0.0213888,0.0276347,0.344398,0.406639,0.248963,2.63373,2.40E-21,-1502.94,83,0,0,0,0,0,0,0,0,0,0,98,0,0,0,0,0,0,0,0,0,0
/storage/home/cjb6010/work/group_work/results/SiH_models/10,1.89004,0.313164,0,0.137367,0,0,132.591,0,26.5182,0,0,0,0,0,0,0,0,0,1.9064,0.0213065,0.028553,0.333333,0.4,0.266667,2.5606,2.41E-21,-1474.16,80,0,0,0,0,0,0,0,0,0,0,96,0,0,0,0,0,0,0,0,0,0
/storage/home/cjb6010/work/group_work/results/SiH_models/11,2.04441,0.32555,0,0.145135,0,0,130.2,0,28.0177,0,0,0,0,0,0,0,0,0,1.90883,0.0222423,0.0295778,0.325103,0.395062,0.279835,2.5408,2.43E-21,-1472.43,79,0,0,0,0,0,0,0,0,0,0,96,0,0,0,0,0,0,0,0,0,0
/storage/home/cjb6010/work/group_work/results/SiH_models/12,1.84439,0.362763,0,0.157185,0,0,123.016,0,30.3439,0,0,0,0,0,0,0,0,0,1.90923,0.0230079,0.0312219,0.306122,0.383673,0.310204,2.46317,2.44E-21,-1448.83,75,0,0,0,0,0,0,0,0,0,0,94,0,0,0,0,0,0,0,0,0,0
/storage/home/cjb6010/work/group_work/results/SiH_models/13,1.95083,0.39361,0,0.162125,0,0,117.061,0,31.2976,0,0,0,0,0,0,0,0,0,1.91236,0.0244255,0.0332388,0.295082,0.377049,0.327869,2.38209,2.46E-21,-1416.53,72,0,0,0,0,0,0,0,0,0,0,92,0,0,0,0,0,0,0,0,0,0
/storage/home/cjb6010/work/group_work/results/Mixed/1,1.42711,0.0652536,0.00678993,0.0248964,0,0,180.449,1.31077,4.80615,0,0,0,0,0,0,0,0,0,1.89629,0.00833473,0.013254,0.464286,0.473214,0.0625,3.07647,2.29E-21,-1614.81,104,0,0,0,0,0,0,0,0,0,0,106,0,0,0,0,0,0,0,0,0,0
/storage/home/cjb6010/work/group_work/results/Mixed/2,1.50678,0.102374,0.0269288,0.0269288,0,0,173.283,5.19849,5.19849,0,0,0,0,0,0,0,0,0,1.89746,0.0117364,0.01551,0.447826,0.447826,0.104348,2.98831,2.31E-21,-1620.85,103,0,0,0,0,0,0,0,0,0,0,103,0,0,0,0,0,0,0,0,0,0
/storage/home/cjb6010/work/group_work/results/Mixed/3,1.53854,0.115741,0.0324074,0.0324074,0,0,170.703,6.25612,6.25612,0,0,0,0,0,0,0,0,0,1.87881,0.00960052,0.0140276,0.438053,0.438053,0.123894,2.9665,2.24E-21,-1575.2,99,0,0,0,0,0,0,0,0,0,0,99,0,0,0,0,0,0,0,0,0,0
/storage/home/cjb6010/work/group_work/results/Mixed/4,1.68195,0.17455,0.0514508,0.0246069,0,0,159.35,9.93238,4.75027,0,0,0,0,0,0,0,0,0,1.89597,0.0104283,0.0141646,0.431718,0.418502,0.14978,2.78194,2.32E-21,-1567.1,98,0,0,0,0,0,0,0,0,0,0,95,0,0,0,0,0,0,0,0,0,0
/storage/home/cjb6010/work/group_work/results/Mixed/5,1.73357,0.209492,0.0509291,0.0420719,0,0,152.604,9.83166,8.12181,0,0,0,0,0,0,0,0,0,1.89815,0.0140239,0.0188423,0.411255,0.406926,0.181818,2.71394,2.34E-21,-1554.21,95,0,0,0,0,0,0,0,0,0,0,94,0,0,0,0,0,0,0,0,0,0
/storage/home/cjb6010/work/group_work/results/Mixed/6,1.83849,0.23417,0.064003,0.037519,0,0,147.84,12.3555,7.2429,0,0,0,0,0,0,0,0,0,1.89803,0.0140044,0.0188904,0.406926,0.393939,0.199134,2.63973,2.35E-21,-1543.12,94,0,0,0,0,0,0,0,0,0,0,91,0,0,0,0,0,0,0,0,0,0
/storage/home/cjb6010/work/group_work/results/Mixed/7,1.87018,0.265275,0.0612271,0.0524803,0,0,141.836,11.8196,10.1311,0,0,0,0,0,0,0,0,0,1.89929,0.0159803,0.0213148,0.390558,0.386266,0.223176,2.57472,2.37E-21,-1526.46,91,0,0,0,0,0,0,0,0,0,0,90,0,0,0,0,0,0,0,0,0,0
/storage/home/cjb6010/work/group_work/results/Mixed/8,1.96038,0.296409,0.0781768,0.0521179,0,0,135.825,15.0917,10.0611,0,0,0,0,0,0,0,0,0,1.90077,0.0169218,0.0222174,0.379747,0.367089,0.253165,2.49553,2.39E-21,-1526.64,90,0,0,0,0,0,0,0,0,0,0,87,0,0,0,0,0,0,0,0,0,0
/storage/home/cjb6010/work/group_work/results/Mixed/9,2.04207,0.321719,0.0734444,0.0648039,0,0,130.939,14.1782,12.5101,0,0,0,0,0,0,0,0,0,1.90133,0.0183741,0.0238526,0.367089,0.362869,0.270042,2.44077,2.40E-21,-1503.82,87,0,0,0,0,0,0,0,0,0,0,86,0,0,0,0,0,0,0,0,0,0
/storage/home/cjb6010/work/group_work/results/Mixed/10,2.05484,0.331876,0.0732782,0.0646572,0,0,128.979,14.1461,12.4818,0,0,0,0,0,0,0,0,0,1.90129,0.0186764,0.0245651,0.365957,0.361702,0.27234,2.40754,2.40E-21,-1488.41,86,0,0,0,0,0,0,0,0,0,0,85,0,0,0,0,0,0,0,0,0,0
/storage/home/cjb6010/work/group_work/results/Mixed/11,2.002,0.357401,0.0685439,0.0771119,0,0,124.051,13.2321,14.8861,0,0,0,0,0,0,0,0,0,1.90265,0.0207656,0.0267707,0.353191,0.357447,0.289362,2.35149,2.42E-21,-1464.82,83,0,0,0,0,0,0,0,0,0,0,84,0,0,0,0,0,0,0,0,0,0
/storage/home/cjb6010/work/group_work/results/Mixed/12,2.0853,0.382564,0.0676642,0.0845802,0,0,119.193,13.0623,16.3279,0,0,0,0,0,0,0,0,0,1.90639,0.022642,0.0294791,0.34322,0.351695,0.305085,2.28873,2.45E-21,-1453.36,81,0,0,0,0,0,0,0,0,0,0,83,0,0,0,0,0,0,0,0,0,0
/storage/home/cjb6010/work/group_work/results/Mixed/13,2.28811,0.407555,0.063026,0.0966399,0,0,114.369,12.1669,18.6559,0,0,0,0,0,0,0,0,0,1.90785,0.0246913,0.0312284,0.330508,0.347458,0.322034,2.2335,2.47E-21,-1430.8,78,0,0,0,0,0,0,0,0,0,0,82,0,0,0,0,0,0,0,0,0,0
/storage/home/cjb6010/work/group_work/results/Mixed/14,2.32719,0.435764,0.0626929,0.112847,0,0,108.923,12.1026,21.7847,0,0,0,0,0,0,0,0,0,1.90707,0.0246453,0.0314542,0.3125,0.3375,0.35,2.18414,2.48E-21,-1416.92,75,0,0,0,0,0,0,0,0,0,0,81,0,0,0,0,0,0,0,0,0,0
/storage/home/cjb6010/work/group_work/results/Mixed/15,2.27463,0.462101,0.0579276,0.124131,0,0,103.839,11.1827,23.9629,0,0,0,0,0,0,0,0,0,1.90919,0.0264669,0.0340527,0.3,0.333333,0.366667,2.12243,2.50E-21,-1392.48,72,0,0,0,0,0,0,0,0,0,0,80,0,0,0,0,0,0,0,0,0,0
/storage/home/cjb6010/work/group_work/results/Mixed/16,2.47798,0.480835,0.0539931,0.134983,0,0,100.223,10.4232,26.0579,0,0,0,0,0,0,0,0,0,1.90929,0.0256933,0.0344734,0.2875,0.329167,0.383333,2.09045,2.49E-21,-1370.55,69,0,0,0,0,0,0,0,0,0,0,79,0,0,0,0,0,0,0,0,0,0
/storage/home/cjb6010/work/group_work/results/SS_models/72CH_Si_surf/1S,2.10133,0.345171,0.151782,0.00433662,0.00867323,0,126.412,29.3008,0.837167,1.67433,0,0,2.34521,0.0548028,0.0632808,0,0,0,1.90056,0.0147302,0.0173904,0.384298,0.318182,0.297521,2.33001,2.39E-21,-1551.13,93,0,0,0,0,0,0,0,0,0,0,74,0,1,0,0,0,0,0,0,0,0
/storage/home/cjb6010/work/group_work/results/SS_models/72CH_Si_surf/2S,2.07653,0.35113,0.147077,0.00865161,0.0173032,0,125.262,28.3927,1.67016,3.34032,0,0,2.34016,0.0503063,0.0539346,0,0,0,1.90103,0.0153387,0.0187742,0.380165,0.322314,0.297521,2.33535,2.39E-21,-1545.48,92,0,0,0,0,0,0,0,0,0,0,72,0,2,0,0,0,0,0,0,0,0
/storage/home/cjb6010/work/group_work/results/SS_models/72CH_Si_surf/3S,1.98948,0.361361,0.14407,0.0107515,0.0301042,0,123.287,27.8121,2.07553,5.81149,0,0,2.30291,0.0530947,0.0680089,0,0,0,1.90228,0.0158248,0.0194287,0.376033,0.326446,0.297521,2.33282,2.41E-21,-1539.33,91,0,0,0,0,0,0,0,0,0,0,69,0,2,1,0,0,0,0,0,0,0
/storage/home/cjb6010/work/group_work/results/SS_models/72CH_Si_surf/4S,1.95814,0.368176,0.139216,0.0149924,0.038552,0,121.971,26.875,2.89423,7.44231,0,0,2.30317,0.0513539,0.0645846,0,0,0,1.90334,0.0169644,0.0212186,0.371901,0.330579,0.297521,2.33461,2.42E-21,-1533.15,90,0,0,0,0,0,0,0,0,0,0,67,0,3,1,0,0,0,0,0,0,0
/storage/home/cjb6010/work/group_work/results/SS_models/72CH_Si_surf/5S,1.92177,0.378322,0.136258,0.0170323,0.0510969,0,120.013,26.3041,3.28801,9.86404,0,0,2.29154,0.0524742,0.0682436,0,0,0,1.90442,0.0175346,0.0224443,0.367769,0.334711,0.297521,2.3317,2.43E-21,-1527.44,89,0,0,0,0,0,0,0,0,0,0,64,0,3,2,0,0,0,0,0,0,0
/storage/home/cjb6010/work/group_work/results/SS_models/72CH_Si_surf/6S,1.73648,0.392857,0.134921,0.0168651,0.0674603,0,117.206,26.0459,3.25573,13.0229,0,0,2.26031,0.0469276,0.0546867,0,0,0,1.90716,0.0182038,0.023038,0.363636,0.338843,0.297521,2.31967,2.46E-21,-1520.36,88,0,0,0,0,0,0,0,0,0,0,60,0,2,4,0,0,0,0,0,0,0
/storage/home/cjb6010/work/group_work/results/SS_models/72CH_Si_surf/7S,1.2103,0.390723,0.126933,0.0253865,0.0676974,0,117.618,24.5038,4.90077,13.0687,0,0,2.28523,0.040072,0.0533437,0,0,0,1.90666,0.0194109,0.0255095,0.359504,0.342975,0.297521,2.33872,2.45E-21,-1515.18,87,0,0,0,0,0,0,0,0,0,0,62,0,1,2,2,0,0,0,0,0,0
/storage/home/cjb6010/work/group_work/results/SS_models/72CH_Si_surf/8S,1.45578,0.404807,0.125745,0.025149,0.08383,0,114.9,24.2746,4.85491,16.183,0,0,2.28445,0.0583174,0.07364,0,0,0,1.90802,0.0200713,0.0255575,0.355372,0.347107,0.297521,2.32764,2.47E-21,-1509.19,86,0,0,0,0,0,0,0,0,0,0,57,0,4,2,0,0,1,0,0,0,0
/storage/home/cjb6010/work/group_work/results/SS_models/72CH_Si_surf/9S,1.34725,0.410032,0.121341,0.0292892,0.0920518,0,113.891,23.4244,5.65417,17.7702,0,0,2.28812,0.0546744,0.0645316,0,0,0,1.90852,0.0207267,0.0258405,0.35124,0.35124,0.297521,2.33435,2.48E-21,-1503.62,85,0,0,0,0,0,0,0,0,0,0,56,0,4,1,0,1,1,0,0,0,0
/storage/home/cjb6010/work/group_work/results/SS_models/72CH_Si_surf/10S,1.31204,0.408148,0.113333,0.0377778,0.0923457,0,114.255,21.8785,7.29285,17.827,0,0,2.30328,0.0495947,0.0613412,0,0,0,1.90801,0.0211502,0.0271642,0.347107,0.355372,0.297521,2.35262,2.47E-21,-1498.5,84,0,0,0,0,0,0,0,0,0,0,56,0,5,1,1,1,0,0,0,0,0
/storage/home/cjb6010/work/group_work/results/SS_models/72CH_Si_surf/11S,1.33298,0.415554,0.10854,0.0417461,0.100191,0,112.825,20.9532,8.05892,19.3414,0,0,2.30083,0.0425901,0.0517365,0,0,0,1.90964,0.0217293,0.0277707,0.342975,0.359504,0.297521,2.35053,2.48E-21,-1491.76,83,0,0,0,0,0,0,0,0,0,0,53,0,7,2,1,0,0,0,0,0,0
/storage/home/cjb6010/work/group_work/results/SS_models/72CH_Si_surf/12S,1.36983,0.424182,0.106017,0.0436541,0.112253,0,111.159,20.4662,8.42724,21.6701,0,0,2.3052,0.0516279,0.0629978,0,0,0,1.90979,0.0220578,0.027912,0.338843,0.363636,0.297521,2.35162,2.49E-21,-1486.99,82,0,0,0,0,0,0,0,0,0,0,50,0,9,1,0,0,1,0,0,0,0
/storage/home/cjb6010/work/group_work/results/SS_models/72CH_Si_surf/13S,1.13769,0.435859,0.102945,0.045296,0.123535,0,108.905,19.8732,8.74421,23.8479,0,0,2.28912,0.0357645,0.0467089,0,0,0,1.91289,0.0235691,0.0303597,0.334711,0.367769,0.297521,2.33977,2.52E-21,-1479.14,81,0,0,0,0,0,0,0,0,0,0,48,0,7,2,1,0,1,0,0,0,0
/storage/home/cjb6010/work/group_work/results/SS_models/72CH_Si_surf/14S,1.02758,0.447514,0.102312,0.0450174,0.139145,0,106.655,19.751,8.69042,26.8613,0,0,2.27964,0.0435293,0.0514079,0,0,0,1.91503,0.0242882,0.0307257,0.330579,0.371901,0.297521,2.33592,2.53E-21,-1472.52,80,0,0,0,0,0,0,0,0,0,0,49,0,2,2,2,0,0,1,1,0,0
/storage/home/cjb6010/work/group_work/results/SS_models/72CH_Si_surf/15S,0.882151,0.440977,0.0928267,0.055696,0.136146,0,107.917,17.9198,10.7519,26.2824,0,0,2.29777,0.0434911,0.0567497,0,0,0,1.91322,0.0246026,0.0312538,0.326446,0.376033,0.297521,2.36547,2.51E-21,-1467.41,79,0,0,0,0,0,0,0,0,0,0,48,0,4,1,4,0,1,0,0,0,0
/storage/home/cjb6010/work/group_work/results/SS_models/72CH_Si_surf/16S,1.32175,0.451503,0.0900517,0.0573057,0.147357,0,105.885,17.3841,11.0626,28.4468,0,0,2.3008,0.0434473,0.0564157,0,0,0,1.91475,0.0269929,0.034441,0.322314,0.380165,0.297521,2.35745,2.53E-21,-1462.63,78,0,0,0,0,0,0,0,0,0,0,44,0,7,1,2,1,1,0,0,0,0
/storage/home/cjb6010/work/group_work/results/SS_models/72CH_Si_surf/17S,1.11317,0.46144,0.0873891,0.0589368,0.15852,0,103.967,16.8701,11.3775,30.6016,0,0,2.28838,0.0467748,0.0567097,0,0,0,1.91747,0.0270191,0.0346345,0.318182,0.384298,0.297521,2.35142,2.55E-21,-1455.4,77,0,0,0,0,0,0,0,0,0,0,43,0,4,3,2,0,0,2,0,0,0
/storage/home/cjb6010/work/group_work/results/SS_models/72CH_Si_surf/18S,1.13132,0.470255,0.084921,0.0606578,0.169842,0,102.265,16.3937,11.7098,32.7873,0,0,2.29098,0.0445107,0.0549644,0,0,0,1.91839,0.0280075,0.0360864,0.31405,0.38843,0.297521,2.34984,2.56E-21,-1450.56,76,0,0,0,0,0,0,0,0,0,0,42,0,5,1,2,1,0,1,1,0,0
/storage/home/cjb6010/work/group_work/results/SS_models/72CH_Si_surf/19S,0.749173,0.477361,0.080406,0.0643248,0.176893,0,100.893,15.5221,12.4176,34.1485,0,0,2.28839,0.039673,0.0471041,0,0,0,1.92019,0.0277109,0.0354048,0.309917,0.392562,0.297521,2.3465,2.58E-21,-1442.77,75,0,0,0,0,0,0,0,0,0,0,39,0,6,2,3,1,0,0,1,0,0
/storage/home/cjb6010/work/group_work/results/SS_models/72CH_Si_surf/20S,0.900094,0.482025,0.0762908,0.0682602,0.184704,0,99.9929,14.7276,13.1774,35.6564,0,0,2.29072,0.0392148,0.0493363,0,0,0,1.92049,0.0288253,0.0376684,0.305785,0.396694,0.297521,2.35394,2.58E-21,-1438.01,74,0,0,0,0,0,0,0,0,0,0,38,0,3,2,4,1,1,1,0,0,0
/storage/home/cjb6010/work/group_work/results/SS_models/72CH_Si_surf/21S,0.729808,0.492218,0.0736782,0.0696956,0.195148,0,98.0253,14.2233,13.4545,37.6725,0,0,2.28904,0.0422918,0.0530278,0,0,0,1.92291,0.0292282,0.0374136,0.301653,0.400826,0.297521,2.34503,2.60E-21,-1431.45,73,0,0,0,0,0,0,0,0,0,0,36,0,4,2,2,1,1,1,0,1,0
/storage/home/cjb6010/work/group_work/results/SS_models/72CH_Si_surf/22S,0.811747,0.501206,0.0712563,0.0712563,0.205852,0,96.2902,13.7557,13.7557,39.7388,0,0,2.28176,0.0404957,0.0475326,0,0,0,1.9249,0.0296081,0.039338,0.297521,0.404959,0.297521,2.34114,2.62E-21,-1425.47,72,0,0,0,0,0,0,0,0,0,0,36,0,2,2,3,1,0,1,1,1,0
/storage/home/cjb6010/work/group_work/results/SS_models/72CH_Si_surf/23S,0.288809,0.503359,0.0652955,0.0771674,0.209737,0,95.8746,12.605,14.8969,40.4889,0,0,2.28651,0.0385572,0.0468798,0,0,0,1.92567,0.0307487,0.0394223,0.293388,0.409091,0.297521,2.35052,2.62E-21,-1419.38,71,0,0,0,0,0,0,0,0,0,0,36,0,2,1,4,1,0,1,1,1,0
/storage/home/cjb6010/work/group_work/results/SS_models/72CH_Si_surf/24S,0.70876,0.512412,0.0629146,0.0786432,0.220201,0,94.1269,12.1454,15.1818,42.5089,0,0,2.28598,0.039286,0.0474787,0,0,0,1.92686,0.0316656,0.0404211,0.289256,0.413223,0.297521,2.34572,2.63E-21,-1414.08,70,0,0,0,0,0,0,0,0,0,0,33,0,2,2,4,1,0,1,1,1,0
/storage/home/cjb6010/work/group_work/results/SS_models/68HMixed_Si_surf/1S,1.75059,0.370887,0.065665,0.0783743,0.0127094,0,121.448,12.6764,15.1299,2.45349,0,0,2.22581,0.0213338,0.0248341,0,0,0,1.90697,0.021929,0.028043,0.348936,0.361702,0.289362,2.33631,2.45E-21,-1459.68,82,0,0,0,0,0,0,0,0,0,0,81,0,0,1,0,0,0,0,0,0,0
/storage/home/cjb6010/work/group_work/results/SS_models/68HMixed_Si_surf/2S,1.90296,0.377224,0.061222,0.082333,0.021111,0,120.224,11.8187,15.8941,4.0754,0,0,2.29732,0.0259275,0.0307115,0,0,0,1.90676,0.0217123,0.0280403,0.344681,0.365957,0.289362,2.33933,2.45E-21,-1455.17,81,0,0,0,0,0,0,0,0,0,0,79,0,1,1,0,0,0,0,0,0,0
/storage/home/cjb6010/work/group_work/results/SS_models/68HMixed_Si_surf/3S,1.5162,0.386588,0.0588204,0.0840291,0.0336116,0,118.417,11.355,16.2215,6.48859,0,0,2.25547,0.0415378,0.0590156,0,0,0,1.90939,0.0230979,0.0295969,0.340426,0.370213,0.289362,2.33866,2.47E-21,-1447.39,80,0,0,0,0,0,0,0,0,0,0,76,0,1,2,0,0,0,0,0,0,0
/storage/home/cjb6010/work/group_work/results/SS_models/68HMixed_Si_surf/4S,1.67428,0.396344,0.0563969,0.0856398,0.045953,0,116.533,10.8872,16.5324,8.87105,0,0,2.25933,0.0370605,0.0504737,0,0,0,1.91071,0.0232809,0.0300923,0.33617,0.374468,0.289362,2.33612,2.48E-21,-1441.99,79,0,0,0,0,0,0,0,0,0,0,73,0,1,3,0,0,0,0,0,0,0
/storage/home/cjb6010/work/group_work/results/SS_models/68HMixed_Si_surf/5S,1.1916,0.409541,0.0559382,0.0849432,0.0621536,0,113.986,10.7986,16.3979,11.9985,0,0,2.23729,0.0208299,0.0271162,0,0,0,1.91402,0.0244194,0.0318503,0.331915,0.378723,0.289362,2.32779,2.50E-21,-1434.31,78,0,0,0,0,0,0,0,0,0,0,70,0,0,3,0,0,1,0,0,0,0
/storage/home/cjb6010/work/group_work/results/SS_models/68HMixed_Si_surf/6S,1.32051,0.412843,0.0496189,0.090968,0.0661585,0,113.348,9.57873,17.561,12.7716,0,0,2.27176,0.0435859,0.050129,0,0,0,1.91267,0.0239981,0.0317561,0.32766,0.382979,0.289362,2.33358,2.51E-21,-1430.61,77,0,0,0,0,0,0,0,0,0,0,70,0,2,0,0,0,2,0,0,0,0
/storage/home/cjb6010/work/group_work/results/SS_models/68HMixed_Si_surf/7S,1.5615,0.425168,0.0492713,0.0903307,0.0821188,0,110.969,9.51163,17.438,15.8527,0,0,2.24905,0.0272703,0.0339734,0,0,0,1.91615,0.0255056,0.0330773,0.323404,0.387234,0.289362,2.32781,2.52E-21,-1422.53,76,0,0,0,0,0,0,0,0,0,0,65,0,0,5,0,1,0,0,0,0,0
/storage/home/cjb6010/work/group_work/results/SS_models/68HMixed_Si_surf/8S,1.27574,0.429737,0.0451287,0.0943601,0.0902575,0,110.087,8.71192,18.2158,17.4238,0,0,2.26021,0.0313642,0.0442651,0,0,0,1.91659,0.0268959,0.034128,0.319149,0.391489,0.289362,2.33649,2.53E-21,-1417.85,75,0,0,0,0,0,0,0,0,0,0,64,0,2,2,0,0,2,0,0,0,0
/storage/home/cjb6010/work/group_work/results/SS_models/68HMixed_Si_surf/9S,1.38879,0.436495,0.0408337,0.0980009,0.0980009,0,108.782,7.88278,18.9187,18.9187,0,0,2.2666,0.0373682,0.0431573,0,0,0,1.91697,0.0266567,0.0341087,0.314894,0.395745,0.289362,2.33605,2.54E-21,-1411.97,74,0,0,0,0,0,0,0,0,0,0,62,0,1,5,0,0,0,1,0,0,0
/storage/home/cjb6010/work/group_work/results/SS_models/68HMixed_Si_surf/10S,1.37324,0.45397,0.0423123,0.0946989,0.116863,0,105.409,8.16822,18.2812,22.5598,0,0,2.2562,0.0272672,0.0344684,0,0,0,1.92095,0.0281796,0.0369008,0.310638,0.4,0.289362,2.31576,2.57E-21,-1405,73,0,0,0,0,0,0,0,0,0,0,58,0,0,4,0,1,2,0,0,0,0
/storage/home/cjb6010/work/group_work/results/SS_models/68HMixed_Si_surf/11S,1.10339,0.456101,0.0362599,0.100722,0.120866,0,104.997,6.99983,19.444,23.3328,0,0,2.26956,0.0344644,0.0439582,0,0,0,1.91989,0.0280441,0.0359759,0.306383,0.404255,0.289362,2.32564,2.57E-21,-1401.22,72,0,0,0,0,0,0,0,0,0,0,57,0,3,2,0,0,3,0,0,0,0
/storage/home/cjb6010/work/group_work/results/SS_models/68HMixed_Si_surf/12S,1.32877,0.462424,0.0320941,0.104306,0.128376,0,103.777,6.19563,20.1358,24.7825,0,0,2.2726,0.0335105,0.0393566,0,0,0,1.92085,0.0285871,0.0368181,0.302128,0.408511,0.289362,2.32609,2.58E-21,-1395.96,71,0,0,0,0,0,0,0,0,0,0,55,0,2,4,1,0,2,0,0,0,0
/storage/home/cjb6010/work/group_work/results/SS_models/68HMixed_Si_surf/13S,1.31473,0.470154,0.0299913,0.105969,0.139959,0,102.285,5.7897,20.4569,27.0186,0,0,2.27223,0.0280175,0.0334411,0,0,0,1.92228,0.0289196,0.0369024,0.297872,0.412766,0.289362,2.3289,2.59E-21,-1389.62,70,0,0,0,0,0,0,0,0,0,0,53,0,2,3,1,0,3,0,0,0,0
/storage/home/cjb6010/work/group_work/results/SS_models/68HMixed_Si_surf/14S,1.10471,0.483244,0.0296986,0.104935,0.154433,0,99.7578,5.7332,20.2573,29.8127,0,0,2.26098,0.0296473,0.0383095,0,0,0,1.92682,0.0299686,0.0387594,0.293617,0.417021,0.289362,2.31638,2.62E-21,-1381.16,69,0,0,0,0,0,0,0,0,0,0,52,0,1,3,0,0,2,1,1,0,0
/storage/home/cjb6010/work/group_work/results/SS_models/68HMixed_Si_surf/15S,1.12375,0.492317,0.0275487,0.106259,0.165292,0,98.0061,5.31816,20.5129,31.909,0,0,2.26549,0.0286756,0.0385957,0,0,0,1.928,0.0312479,0.0405868,0.289362,0.421277,0.289362,2.31231,2.63E-21,-1376.02,68,0,0,0,0,0,0,0,0,0,0,48,0,1,3,0,0,4,1,0,0,0
/storage/home/cjb6010/work/group_work/results/SS_models/68HMixed_Si_surf/16S,1.08102,0.498322,0.0235162,0.109742,0.172452,0,96.847,4.5397,21.1853,33.2912,0,0,2.26713,0.0313364,0.0376168,0,0,0,1.92885,0.0307285,0.0401067,0.285106,0.425532,0.289362,2.31291,2.64E-21,-1370.74,67,0,0,0,0,0,0,0,0,0,0,47,0,2,3,1,0,3,0,1,0,0
/storage/home/cjb6010/work/group_work/results/SS_models/68HMixed_Si_surf/17S,1.08144,0.507378,0.0214184,0.110986,0.18303,0,95.0988,4.13473,21.4254,35.3331,0,0,2.26547,0.0274666,0.034183,0,0,0,1.93114,0.0315321,0.0413547,0.280851,0.429787,0.289362,2.30812,2.66E-21,-1364.52,66,0,0,0,0,0,0,0,0,0,0,46,0,0,3,1,0,3,1,1,0,0
/storage/home/cjb6010/work/group_work/results/SS_models/76HMixed_Si_bulk/1S,1.81138,0.419884,0.0626024,0.0959904,0.016694,0,111.989,12.0851,18.5306,3.22271,0,0,2.27259,0.0166117,0.0215758,0,0,0,1.90882,0.0251844,0.0317815,0.326271,0.351695,0.322034,2.22924,2.48E-21,-1425.52,77,0,0,0,0,0,0,0,0,0,0,78,0,0,0,1,0,0,0,0,0,0
/storage/home/cjb6010/work/group_work/results/SS_models/76HMixed_Si_bulk/2S,1.77121,0.43099,0.0600046,0.0972489,0.0289678,0,109.845,11.5837,18.7735,5.59211,0,0,2.2217,0.0175531,0.0218667,0,0,0,1.91193,0.0250414,0.0325965,0.322034,0.355932,0.322034,2.22108,2.50E-21,-1417.91,76,0,0,0,0,0,0,0,0,0,0,75,0,0,1,1,0,0,0,0,0,0
/storage/home/cjb6010/work/group_work/results/SS_models/76HMixed_Si_bulk/3S,1.96219,0.444708,0.0616992,0.0946054,0.0493593,0,107.197,11.9108,18.2632,9.52862,0,0,2.27495,0.0486344,0.0559064,0,0,0,1.91255,0.027519,0.0339492,0.317797,0.360169,0.322034,2.21827,2.52E-21,-1413.44,75,0,0,0,0,0,0,0,0,0,0,71,0,0,0,1,0,0,0,1,0,0
/storage/home/cjb6010/work/group_work/results/SS_models/76HMixed_Si_bulk/4S,1.81393,0.452296,0.0572228,0.0980962,0.0572228,0,105.732,11.0466,18.9371,11.0466,0,0,2.29012,0.0236085,0.0346109,0,0,0,1.91113,0.0258575,0.0330424,0.313559,0.364407,0.322034,2.21481,2.53E-21,-1409.96,74,0,0,0,0,0,0,0,0,0,0,68,0,1,0,3,0,0,0,0,0,0
/storage/home/cjb6010/work/group_work/results/SS_models/76HMixed_Si_bulk/5S,1.53805,0.462216,0.0547931,0.0994393,0.0689987,0,103.817,10.5776,19.1964,13.3199,0,0,2.26635,0.0262321,0.0337123,0,0,0,1.91521,0.0267393,0.0348652,0.309322,0.368644,0.322034,2.20977,2.55E-21,-1402.54,73,0,0,0,0,0,0,0,0,0,0,69,0,0,1,0,0,0,0,0,0,1
/storage/home/cjb6010/work/group_work/results/SS_models/76HMixed_Si_bulk/6S,1.63182,0.479993,0.0582247,0.0943642,0.0923564,0,100.385,11.24,18.2166,17.829,0,0,2.25398,0.029278,0.0349512,0,0,0,1.91826,0.0263606,0.0347028,0.305085,0.372881,0.322034,2.19657,2.58E-21,-1395.61,72,0,0,0,0,0,0,0,0,0,0,60,0,0,1,3,0,0,0,1,0,0
/storage/home/cjb6010/work/group_work/results/SS_models/76HMixed_Si_bulk/7S,1.57207,0.492477,0.0577183,0.0935435,0.107476,0,97.9754,11.1423,18.0582,20.7477,0,0,2.26855,0.0361844,0.0440383,0,0,0,1.91905,0.0282205,0.0359588,0.300847,0.377119,0.322034,2.18773,2.60E-21,-1391.1,71,0,0,0,0,0,0,0,0,0,0,57,0,0,0,3,0,0,1,1,0,0
/storage/home/cjb6010/work/group_work/results/SS_models/76HMixed_Si_bulk/8S,1.48991,0.494304,0.0517641,0.0995464,0.111492,0,97.6225,9.99286,19.217,21.5231,0,0,2.27891,0.0436965,0.0542914,0,0,0,1.92146,0.0273091,0.0367088,0.29661,0.381356,0.322034,2.19869,2.60E-21,-1385.16,70,0,0,0,0,0,0,0,0,0,0,57,0,1,0,3,0,0,0,0,0,1
/storage/home/cjb6010/work/group_work/results/SS_models/76HMixed_Si_bulk/9S,1.52436,0.505345,0.0514441,0.0989311,0.126632,0,95.4912,9.93109,19.0982,24.4458,0,0,2.28242,0.0294683,0.0370751,0,0,0,1.92007,0.025254,0.0358097,0.292373,0.385593,0.322034,2.19529,2.62E-21,-1380.45,69,0,0,0,0,0,0,0,0,0,0,56,0,1,0,1,0,0,1,0,0,1
/storage/home/cjb6010/work/group_work/results/SS_models/76HMixed_Si_bulk/10S,1.25661,0.525344,0.0566462,0.091806,0.152359,0,91.6305,10.9353,17.7228,29.4123,0,0,2.27705,0.0362449,0.0443971,0,0,0,1.92255,0.0283431,0.0361254,0.288136,0.389831,0.322034,2.17728,2.65E-21,-1375.75,68,0,0,0,0,0,0,0,0,0,0,50,0,0,1,2,0,0,0,0,0,1
/storage/home/cjb6010/work/group_work/results/SS_models/76HMixed_Si_bulk/11S,1.56019,0.523703,0.0447136,0.103036,0.143861,0,91.9473,8.63178,19.8906,27.7718,0,0,2.26941,0.0271444,0.0330352,0,0,0,1.92515,0.0278303,0.0362891,0.283898,0.394068,0.322034,2.17699,2.66E-21,-1367.36,67,0,0,0,0,0,0,0,0,0,0,50,0,0,1,1,1,1,1,0,0,1
/storage/home/cjb6010/work/group_work/results/SS_models/76HMixed_Si_bulk/12S,1.40752,0.539352,0.0503229,0.0967748,0.170324,0,88.9262,9.71463,18.682,32.8803,0,0,2.28236,0.0356692,0.0454316,0,0,0,1.92477,0.0295738,0.0407434,0.279661,0.398305,0.322034,2.17737,2.68E-21,-1363.86,66,0,0,0,0,0,0,0,0,0,0,47,0,1,0,2,0,0,0,1,0,1
/storage/home/cjb6010/work/group_work/results/SS_models/76HMixed_Si_bulk/13S,1.42864,0.548763,0.0458885,0.099425,0.175906,0,87.1094,8.85859,19.1936,33.9579,0,0,2.27246,0.0353384,0.0418323,0,0,0,1.92855,0.0311624,0.0402152,0.275424,0.402542,0.322034,2.16081,2.71E-21,-1356.43,65,0,0,0,0,0,0,0,0,0,0,41,0,0,3,2,0,1,1,0,0,1
/storage/home/cjb6010/work/group_work/results/SS_models/76HMixed_Si_bulk/14S,1.31659,0.562628,0.0473347,0.0965627,0.193125,0,84.433,9.13777,18.641,37.2821,0,0,2.27797,0.032381,0.0419541,0,0,0,1.93013,0.0332181,0.0419312,0.271186,0.40678,0.322034,2.14951,2.74E-21,-1351.51,64,0,0,0,0,0,0,0,0,0,0,40,0,1,1,3,0,0,0,1,0,1
/storage/home/cjb6010/work/group_work/results/SS_models/76HMixed_Si_bulk/15S,1.21257,0.566552,0.0435341,0.100318,0.200635,0,83.6754,8.40407,19.3659,38.7318,0,0,2.29785,0.0365075,0.0465109,0,0,0,1.92443,0.0318927,0.0426696,0.266949,0.411017,0.322034,2.15858,2.74E-21,-1349.63,63,0,0,0,0,0,0,0,0,0,0,44,0,0,2,0,0,0,0,0,0,1
/storage/home/cjb6010/work/group_work/results/SS_models/76HMixed_Si_bulk/16S,1.15476,0.574897,0.0413817,0.101573,0.21067,0,82.0644,7.98857,19.6083,40.6691,0,0,2.27986,0.0327185,0.0406316,0,0,0,1.9307,0.032672,0.0419488,0.262712,0.415254,0.322034,2.15481,2.75E-21,-1342.79,62,0,0,0,0,0,0,0,0,0,0,36,0,2,1,1,0,0,0,0,0,2
/storage/home/cjb6010/work/group_work/results/SS_models/76HMixed_Si_bulk/17S,1.02307,0.591923,0.0445175,0.0964546,0.230007,0,78.7777,8.59393,18.6202,44.402,0,0,2.28846,0.0360558,0.0412724,0,0,0,1.93086,0.0316956,0.0405976,0.258475,0.419492,0.322034,2.13448,2.79E-21,-1338.86,61,0,0,0,0,0,0,0,0,0,0,33,0,0,1,3,0,0,0,0,0,2
/storage/home/cjb6010/work/group_work/results/SS_models/76HMixed_Si_bulk/18S,1.16162,0.60521,0.0479651,0.0922406,0.247205,0,76.2126,9.25948,17.8067,47.7219,0,0,2.29119,0.0377237,0.0460408,0,0,0,1.93185,0.0308836,0.0400428,0.254237,0.423729,0.322034,2.13239,2.81E-21,-1334.24,60,0,0,0,0,0,0,0,0,0,0,32,0,0,2,1,0,0,0,0,0,1
/storage/home/cjb6010/work/group_work/results/SS_models/76HMixed_Si_bulk/19S,1.15734,0.618654,0.0451832,0.0921737,0.256641,0,73.6174,8.72244,17.7938,49.5434,0,0,2.29303,0.028855,0.0365181,0,0,0,1.93249,0.0323964,0.0431816,0.25,0.427966,0.322034,2.09837,2.87E-21,-1329.72,59,0,0,0,0,0,0,0,0,0,0,31,0,0,0,1,0,0,0,0,0,1
/storage/home/cjb6010/work/group_work/results/SS_models/76HMixed_Si_bulk/20S,1.24002,0.616894,0.0401349,0.0985129,0.262701,0,73.9571,7.74788,19.0175,50.7134,0,0,2.29253,0.0396359,0.0491565,0,0,0,1.93438,0.0343444,0.0441065,0.245763,0.432203,0.322034,2.12749,2.84E-21,-1323.75,58,0,0,0,0,0,0,0,0,0,0,29,0,1,0,0,0,0,1,0,0,2
/storage/home/cjb6010/work/group_work/results/SS_models/Mixed_8_Surf/1,1.59212,0.302924,0.0760052,0.0542894,0.0130295,0,134.568,14.6725,10.4804,2.51529,0,0,2.22168,0.0326498,0.0379911,0,0,0,1.89927,0.0173665,0.0228513,0.375527,0.371308,0.253165,2.50672,2.39E-21,-1520.88,89,0,0,0,0,0,0,0,0,0,0,84,0,0,1,0,0,0,0,0,0,0
/storage/home/cjb6010/work/group_work/results/SS_models/Mixed_8_Surf/2,1.59785,0.307267,0.0716621,0.0586326,0.0217158,0,133.729,13.8341,11.3188,4.19214,0,0,2.26394,0.0524795,0.0703857,0,0,0,1.89853,0.0176911,0.0233753,0.371308,0.375527,0.253165,2.51791,2.39E-21,-1515.06,88,0,0,0,0,0,0,0,0,0,0,82,0,1,1,0,0,0,0,0,0,0
/storage/home/cjb6010/work/group_work/results/SS_models/Mixed_8_Surf/3,1.51095,0.313782,0.0694905,0.0608042,0.0347452,0,132.472,13.4149,11.738,6.70743,0,0,2.24699,0.0488773,0.0611386,0,0,0,1.89726,0.0182081,0.0240503,0.367089,0.379747,0.253165,2.5291,2.39E-21,-1508.18,87,0,0,0,0,0,0,0,0,0,0,79,0,1,2,0,0,0,0,0,0,0
/storage/home/cjb6010/work/group_work/results/SS_models/Mixed_8_Surf/4,1.59772,0.313782,0.0694905,0.0608042,0.0347452,0,132.472,13.4149,11.738,6.70743,0,0,2.25439,0.0422254,0.0576587,0,0,0,1.89717,0.0183054,0.0239144,0.367089,0.379747,0.253165,2.5291,2.39E-21,-1508.66,87,0,0,0,0,0,0,0,0,0,0,79,0,1,2,0,0,0,0,0,0,0
/storage/home/cjb6010/work/group_work/results/SS_models/Mixed_8_Surf/5,1.58017,0.320296,0.0673189,0.0629757,0.0477747,0,131.214,12.9956,12.1572,9.22272,0,0,2.25676,0.041951,0.0535849,0,0,0,1.8957,0.01892,0.024508,0.362869,0.383966,0.253165,2.54029,2.39E-21,-1502.71,86,0,0,0,0,0,0,0,0,0,0,76,0,1,3,0,0,0,0,0,0,0
/storage/home/cjb6010/work/group_work/results/SS_models/Mixed_8_Surf/6,1.29739,0.324639,0.0629757,0.0673189,0.056461,0,130.376,12.1572,12.9956,10.8996,0,0,2.25869,0.0416835,0.0518635,0,0,0,1.89481,0.0190516,0.0250887,0.35865,0.388186,0.253165,2.55148,2.39E-21,-1496.52,85,0,0,0,0,0,0,0,0,0,0,74,0,2,3,0,0,0,0,0,0,0
/storage/home/cjb6010/work/group_work/results/SS_models/Mixed_8_Surf/7,1.26205,0.331154,0.0608042,0.0694905,0.0694905,0,129.118,11.738,13.4149,13.4149,0,0,2.24902,0.0375313,0.0499064,0,0,0,1.89364,0.019637,0.0260818,0.35443,0.392405,0.253165,2.56267,2.39E-21,-1489.85,84,0,0,0,0,0,0,0,0,0,0,72,0,2,2,0,0,1,0,0,0,0
/storage/home/cjb6010/work/group_work/results/SS_models/Mixed_8_Surf/8,1.13236,0.337669,0.0586326,0.0716621,0.0825199,0,127.86,11.3188,13.8341,15.9301,0,0,2.24643,0.0342572,0.0469147,0,0,0,1.8925,0.0204798,0.0277575,0.350211,0.396624,0.253165,2.57386,2.39E-21,-1483.28,83,0,0,0,0,0,0,0,0,0,0,70,0,2,1,0,0,2,0,0,0,0
/storage/home/cjb6010/work/group_work/results/SS_models/Mixed_8_Surf/9,1.00737,0.342012,0.0542894,0.0760052,0.0912063,0,127.022,10.4804,14.6725,17.607,0,0,2.25243,0.0364963,0.0493984,0,0,0,1.89221,0.0211941,0.0287755,0.345992,0.400844,0.253165,2.58505,2.39E-21,-1477.01,82,0,0,0,0,0,0,0,0,0,0,69,0,1,1,1,0,2,0,0,0,0
/storage/home/cjb6010/work/group_work/results/SS_models/Mixed_8_Surf/10,0.969095,0.348527,0.0521179,0.0781768,0.104236,0,125.764,10.0611,15.0917,20.1223,0,0,2.25419,0.0320484,0.0441668,0,0,0,1.89095,0.0222852,0.0297238,0.341772,0.405063,0.253165,2.59624,2.39E-21,-1470.31,81,0,0,0,0,0,0,0,0,0,0,66,0,1,2,1,0,2,0,0,0,0
/storage/home/cjb6010/work/group_work/results/SS_models/Mixed_9_Surf/1,1.72097,0.3282,0.0712843,0.066964,0.0129608,0,129.688,13.7611,12.9271,2.50203,0,0,2.25744,0.0294,0.0341825,0,0,0,1.90035,0.0189184,0.0245888,0.362869,0.367089,0.270042,2.4519,2.40E-21,-1499.09,86,0,0,0,0,0,0,0,0,0,0,83,0,0,1,0,0,0,0,0,0,0
/storage/home/cjb6010/work/group_work/results/SS_models/Mixed_9_Surf/2,1.69635,0.33252,0.066964,0.0712843,0.0216013,0,128.854,12.9271,13.7611,4.17004,0,0,2.2762,0.0280307,0.0428221,0,0,0,1.89956,0.0190103,0.0250695,0.35865,0.371308,0.270042,2.46303,2.40E-21,-1492.87,85,0,0,0,0,0,0,0,0,0,0,81,0,1,1,0,0,0,0,0,0,0
/storage/home/cjb6010/work/group_work/results/SS_models/Mixed_9_Surf/3,1.70565,0.33684,0.0626438,0.0756046,0.0302418,0,128.02,12.0931,14.5952,5.83806,0,0,2.28858,0.032457,0.0444932,0,0,0,1.89889,0.0197258,0.0261723,0.35443,0.375527,0.270042,2.47416,2.40E-21,-1487.11,84,0,0,0,0,0,0,0,0,0,0,79,0,2,1,0,0,0,0,0,0,0
/storage/home/cjb6010/work/group_work/results/SS_models/Mixed_9_Surf/4,1.69531,0.34332,0.0604836,0.0777647,0.0432026,0,126.769,11.6761,15.0122,8.34009,0,0,2.27863,0.0381003,0.0490517,0,0,0,1.8974,0.0202962,0.0268657,0.350211,0.379747,0.270042,2.48529,2.40E-21,-1480.73,83,0,0,0,0,0,0,0,0,0,0,76,0,2,2,0,0,0,0,0,0,0
/storage/home/cjb6010/work/group_work/results/SS_models/Mixed_9_Surf/5,1.54152,0.349801,0.0583235,0.0799248,0.0561634,0,125.518,11.2591,15.4292,10.8421,0,0,2.26433,0.0400861,0.0498133,0,0,0,1.89624,0.021333,0.0277046,0.345992,0.383966,0.270042,2.49643,2.40E-21,-1473.97,82,0,0,0,0,0,0,0,0,0,0,73,0,2,3,0,0,0,0,0,0,0
/storage/home/cjb6010/work/group_work/results/SS_models/Mixed_9_Surf/6,1.512,0.356281,0.0561634,0.0820849,0.0691242,0,124.267,10.8421,15.8462,13.3441,0,0,2.26358,0.037548,0.0472765,0,0,0,1.89494,0.0216666,0.0281805,0.341772,0.388186,0.270042,2.50756,2.40E-21,-1467.95,81,0,0,0,0,0,0,0,0,0,0,70,0,2,4,0,0,0,0,0,0,0
/storage/home/cjb6010/work/group_work/results/SS_models/Mixed_9_Surf/7,1.51785,0.360601,0.0518431,0.0864052,0.0777647,0,123.433,10.0081,16.6802,15.0122,0,0,2.27127,0.0400177,0.0499443,0,0,0,1.89395,0.0221974,0.0286204,0.337553,0.392405,0.270042,2.51869,2.40E-21,-1462.51,80,0,0,0,0,0,0,0,0,0,0,68,0,3,4,0,0,0,0,0,0,0
/storage/home/cjb6010/work/group_work/results/SS_models/Mixed_9_Surf/8,1.37396,0.367082,0.049683,0.0885653,0.0907255,0,122.182,9.5911,17.0972,17.5142,0,0,2.26047,0.0402274,0.0475923,0,0,0,1.89322,0.0224702,0.0295086,0.333333,0.396624,0.270042,2.52982,2.40E-21,-1455.57,79,0,0,0,0,0,0,0,0,0,0,66,0,2,4,0,1,0,0,0,0,0
/storage/home/cjb6010/work/group_work/results/SS_models/Mixed_9_Surf/9,1.36932,0.373562,0.0475229,0.0907255,0.103686,0,120.931,9.1741,17.5142,20.0162,0,0,2.25918,0.0381849,0.0459988,0,0,0,1.89199,0.022661,0.0299747,0.329114,0.400844,0.270042,2.54095,2.40E-21,-1449.18,78,0,0,0,0,0,0,0,0,0,0,63,0,2,5,0,1,0,0,0,0,0
/storage/home/cjb6010/work/group_work/results/SS_models/Mixed_9_Surf/10,1.07267,0.380043,0.0453627,0.0928856,0.116647,0,119.68,8.75709,17.9312,22.5182,0,0,2.26359,0.0359637,0.0448144,0,0,0,1.8914,0.0233002,0.0310818,0.324895,0.405063,0.270042,2.55208,2.40E-21,-1442.13,77,0,0,0,0,0,0,0,0,0,0,61,0,2,4,0,1,1,0,0,0,0
/storage/home/cjb6010/work/group_work/results/CC_models/72Mixed_surf_CC/1,2.08323,0.384511,0.0702807,0.0830591,0,0.0127783,118.818,13.5674,16.0342,0,2.4668,0,0,0,0,1.63755,0.030887,0.0363498,1.90602,0.0232156,0.0306842,0.347458,0.347458,0.305085,2.29422,2.43E-21,-1455.65,78,0,0,1,0,0,0,0,0,0,0,82,0,0,0,0,0,0,0,0,0,0
/storage/home/cjb6010/work/group_work/results/CC_models/72Mixed_surf_CC/2,2.02735,0.386111,0.0729799,0.0815657,0,0.0257576,118.509,14.0885,15.7459,0,4.9724,0,0,0,0,1.63158,0.0206075,0.026268,1.90578,0.0233661,0.0305999,0.351695,0.34322,0.305085,2.3012,2.41E-21,-1457.72,75,0,0,2,0,0,0,0,0,0,0,81,0,0,0,0,0,0,0,0,0,0
/storage/home/cjb6010/work/group_work/results/CC_models/72Mixed_surf_CC/3,2.14967,0.389365,0.0792754,0.0749903,0,0.0299961,117.881,15.3038,14.4766,0,5.79063,0,0,0,0,1.62349,0.0364181,0.0478462,1.90549,0.0230004,0.0300594,0.355932,0.338983,0.305085,2.28599,2.42E-21,-1462.89,74,1,0,2,0,0,0,0,0,0,0,80,0,0,0,0,0,0,0,0,0,0
/storage/home/cjb6010/work/group_work/results/CC_models/72Mixed_surf_CC/4,2.2001,0.393808,0.0816855,0.073087,0,0.0429923,117.023,15.769,14.1091,0,8.2995,0,0,0,0,1.60651,0.0261812,0.0387077,1.90528,0.0231548,0.030383,0.360169,0.334746,0.305085,2.28242,2.41E-21,-1467.13,71,1,0,3,0,0,0,0,0,0,0,79,0,0,0,0,0,0,0,0,0,0
/storage/home/cjb6010/work/group_work/results/CC_models/72Mixed_surf_CC/5,2.08239,0.393168,0.0922041,0.0621842,0,0.0385971,117.146,17.7996,12.0044,0,7.45101,0,0,0,0,1.60721,0.0317667,0.0453872,1.9051,0.0226455,0.0302898,0.364407,0.330508,0.305085,2.26571,2.42E-21,-1474.2,72,2,2,1,0,0,0,0,0,0,0,78,0,0,0,0,0,0,0,0,0,0
/storage/home/cjb6010/work/group_work/results/CC_models/72Mixed_surf_CC/6,2.04353,0.402299,0.0828928,0.0741673,0,0.07853,115.384,16.0021,14.3177,0,15.1599,0,0,0,0,1.6374,0.0284945,0.0320708,1.90529,0.0273468,0.0352095,0.368644,0.326271,0.305085,2.29368,2.37E-21,-1466.44,64,0,0,4,0,0,1,0,0,0,0,77,0,0,0,0,0,0,0,0,0,0
/storage/home/cjb6010/work/group_work/results/CC_models/72Mixed_surf_CC/7,2.23235,0.421413,0.068069,0.068069,0,0.0467975,111.694,13.1405,13.1405,0,9.03406,0,0,0,0,1.88085,0.00818616,0.0109735,1.90385,0.0223844,0.0293501,0.372881,0.322034,0.305085,2.22569,2.44E-21,-1449.65,71,4,0,1,1,0,0,0,0,0,0,76,0,0,0,0,0,0,0,0,0,0
/storage/home/cjb6010/work/group_work/results/CC_models/72Mixed_surf_CC/8,1.9806,0.404283,0.088913,0.0711304,0,0.106696,115.001,17.1643,13.7314,0,20.5972,0,0,0,0,1.65051,0.0424328,0.0664819,1.90328,0.0276614,0.0382521,0.377119,0.317797,0.305085,2.31434,2.33E-21,-1470.19,60,0,0,3,0,0,1,0,0,1,0,75,0,0,0,0,0,0,0,0,0,0
/storage/home/cjb6010/work/group_work/results/CC_models/72Mixed_surf_CC/9,1.02057,0.411518,0.0947743,0.0639175,0,0.105795,113.604,18.2958,12.339,0,20.4232,0,0,0,0,1.60704,0.0357015,0.0519103,1.90299,0.0264452,0.0363294,0.381356,0.313559,0.305085,2.28344,2.35E-21,-1478.79,59,1,0,4,0,1,1,0,0,0,0,74,0,0,0,0,0,0,0,0,0,0
/storage/home/cjb6010/work/group_work/results/CC_models/72Mixed_surf_CC/10,0.703982,0.413811,0.104756,0.0557213,0,0.129274,113.161,20.2228,10.7568,0,24.9557,0,0,0,0,1.62566,0.0376373,0.0512183,1.90337,0.0263843,0.0347983,0.389831,0.305085,0.305085,2.28616,2.32E-21,-1483.42,55,1,0,4,1,0,2,0,0,0,0,72,0,0,0,0,0,0,0,0,0,0
/storage/home/cjb6010/work/group_work/results/CC_models/72Mixed_surf_CC/11,2.10124,0.413811,0.104756,0.0557213,0,0.129274,113.161,20.2228,10.7568,0,24.9557,0,0,0,0,1.62566,0.0376373,0.0512183,1.90337,0.0263843,0.0347983,0.389831,0.305085,0.305085,2.28616,2.32E-21,-1485.38,55,1,0,4,1,0,2,0,0,0,0,72,0,0,0,0,0,0,0,0,0,0
/storage/home/cjb6010/work/group_work/results/CC_models/72Mixed_surf_CC/12,1.96941,0.41497,0.111647,0.0491246,0,0.133976,112.938,21.553,9.48332,0,25.8636,0,0,0,0,1.63371,0.0480875,0.0651408,1.90205,0.0257314,0.0342612,0.394068,0.300847,0.305085,2.27884,2.32E-21,-1490.28,56,2,0,2,1,0,1,0,0,0,1,71,0,0,0,0,0,0,0,0,0,0
/storage/home/cjb6010/work/group_work/results/CC_models/72Mixed_surf_CC/13,1.96941,0.41497,0.111647,0.0491246,0,0.133976,112.938,21.553,9.48332,0,25.8636,0,0,0,0,1.63371,0.0480875,0.0651408,1.90205,0.0257314,0.0342612,0.394068,0.300847,0.305085,2.27884,2.32E-21,-1490.28,56,2,0,2,1,0,1,0,0,0,1,71,0,0,0,0,0,0,0,0,0,0
/storage/home/cjb6010/work/group_work/results/CC_models/76Mixed_bulk_CC/1C,2.1767,0.411054,0.0654385,0.0949913,0,0.0126655,113.694,12.6326,18.3377,0,2.44503,0,0,0,0,1.63238,0.025221,0.0324488,1.90755,0.0254262,0.0326027,0.334746,0.34322,0.322034,2.23331,2.45E-21,-1433.19,75,0,0,1,0,0,0,0,0,0,0,81,0,0,0,0,0,0,0,0,0,0
/storage/home/cjb6010/work/group_work/results/CC_models/76Mixed_bulk_CC/2C,2.29544,0.417348,0.0637941,0.0978176,0,0.0340235,112.479,12.3152,18.8833,0,6.5681,0,0,0,0,1.63811,0.0422633,0.0490755,1.90761,0.0263503,0.0338619,0.338983,0.338983,0.322034,2.2388,2.44E-21,-1432.6,71,0,0,0,0,0,0,0,1,0,0,80,0,0,0,0,0,0,0,0,0,0
/storage/home/cjb6010/work/group_work/results/CC_models/76Mixed_bulk_CC/3C,2.2422,0.419453,0.0682997,0.093912,0,0.0426873,112.072,13.185,18.1293,0,8.24061,0,0,0,0,1.61983,0.0262993,0.0363689,1.90789,0.0260212,0.0342297,0.34322,0.334746,0.322034,2.23612,2.43E-21,-1436.35,68,0,0,2,1,0,0,0,0,0,0,79,0,0,0,0,0,0,0,0,0,0
/storage/home/cjb6010/work/group_work/results/CC_models/76Mixed_bulk_CC/4C,2.28299,0.431646,0.0633852,0.0908521,0,0.0253541,109.718,12.2363,17.5386,0,4.8945,0,0,0,0,1.87009,0.0155966,0.0222656,1.90541,0.0240701,0.0305991,0.347458,0.330508,0.322034,2.20268,2.45E-21,-1428.08,72,2,2,0,0,0,0,0,0,0,0,78,0,0,0,0,0,0,0,0,0,0
/storage/home/cjb6010/work/group_work/results/CC_models/76Mixed_bulk_CC/5C,2.11921,0.428956,0.0673094,0.0977072,0,0.0825083,110.238,12.9938,18.862,0,15.9279,0,0,0,0,1.63304,0.0431899,0.0504682,1.90833,0.0271421,0.0356118,0.351695,0.326271,0.322034,2.25241,2.39E-21,-1436.12,59,0,0,1,4,0,0,0,0,0,0,77,0,0,0,0,0,0,0,0,0,0
/storage/home/cjb6010/work/group_work/results/CC_models/76Mixed_bulk_CC/6C,2.16998,0.433559,0.067798,0.0984165,0,0.100604,109.349,13.0881,18.9989,0,19.4211,0,0,0,0,1.62937,0.0355081,0.0444939,1.908,0.030641,0.0389991,0.355932,0.322034,0.322034,2.25749,2.37E-21,-1437.49,56,0,0,1,3,0,0,0,1,0,0,76,0,0,0,0,0,0,0,0,0,0
/storage/home/cjb6010/work/group_work/results/CC_models/76Mixed_bulk_CC/7C,2.15183,0.438954,0.0701307,0.0964297,0,0.113962,108.308,13.5385,18.6154,0,22,0,0,0,0,1.64761,0.0439334,0.0574012,1.90654,0.0316502,0.0400466,0.360169,0.317797,0.322034,2.25089,2.36E-21,-1439.05,55,0,0,1,1,0,0,1,0,0,1,75,0,0,0,0,0,0,0,0,0,0
/storage/home/cjb6010/work/group_work/results/CC_models/76Mixed_bulk_CC/8C,2.12324,0.44011,0.0768477,0.0900215,0,0.118565,108.085,14.8351,17.3783,0,22.8885,0,0,0,0,1.62809,0.0402656,0.0516227,1.90631,0.0294628,0.037989,0.364407,0.313559,0.322034,2.24375,2.36E-21,-1446.39,54,0,1,0,1,0,1,1,1,0,0,74,0,0,0,0,0,0,0,0,0,0
/storage/home/cjb6010/work/group_work/results/CC_models/76Mixed_bulk_CC/9C,2.19081,0.442932,0.0776789,0.0909952,0,0.137603,107.54,14.9956,17.5663,0,26.5636,0,0,0,0,1.62327,0.0385191,0.0483605,1.9072,0.0291433,0.0378849,0.368644,0.309322,0.322034,2.25658,2.33E-21,-1447,49,1,0,2,2,0,0,0,2,0,0,73,0,0,0,0,0,0,0,0,0,0
/storage/home/cjb6010/work/group_work/results/CC_models/76Mixed_bulk_CC/10C,0.719645,0.450533,0.0797614,0.0886237,0,0.146229,106.072,15.3976,17.1085,0,28.229,0,0,0,0,1.6223,0.0541906,0.0716971,1.90634,0.0326964,0.0423012,0.372881,0.305085,0.322034,2.2413,2.34E-21,-1447.25,50,1,0,1,1,0,0,0,1,0,1,72,0,0,0,0,0,0,0,0,0,0
/storage/home/cjb6010/work/group_work/results/CC_models/76Mixed_bulk_CC/11C,2.2343,0.453749,0.076746,0.0948039,0,0.180579,105.452,14.8155,18.3015,0,34.86,0,0,0,0,1.62333,0.0411971,0.0501239,1.90692,0.029146,0.0386633,0.377119,0.300847,0.322034,2.27179,2.29E-21,-1449.21,43,0,0,3,1,0,0,0,0,0,2,71,0,0,0,0,0,0,0,0,0,0
/storage/home/cjb6010/work/group_work/results/CC_models/76Mixed_bulk_CC/12C,0.988199,0.459228,0.0830231,0.0875108,0,0.179509,104.394,16.0273,16.8936,0,34.6536,0,0,0,0,1.63373,0.0558596,0.0748091,1.90453,0.0322725,0.0432,0.381356,0.29661,0.322034,2.24678,2.31E-21,-1448.25,42,0,1,2,2,1,0,1,0,0,1,70,0,0,0,0,0,0,0,0,0,0
/storage/home/cjb6010/work/group_work/results/CC_models/76Mixed_bulk_CC/13C,1.79707,0.463216,0.0838017,0.0883315,0,0.199312,103.624,16.1776,17.052,0,38.4764,0,0,0,0,1.63026,0.0441991,0.0617498,1.90516,0.0335406,0.0432813,0.385593,0.292373,0.322034,2.25618,2.29E-21,-1451.83,42,0,0,2,1,0,1,0,0,0,2,69,0,0,0,0,0,0,0,0,0,0
/storage/home/cjb6010/work/group_work/results/CC_models/76Mixed_bulk_CC/14C,0.379824,0.466657,0.0885123,0.0839732,0,0.208798,102.96,17.0869,16.2107,0,40.3077,0,0,0,0,1.61091,0.0463639,0.0600097,1.90558,0.0309584,0.0411215,0.389831,0.288136,0.322034,2.2491,2.28E-21,-1459.18,41,0,0,1,0,0,1,1,0,0,2,68,0,0,0,0,0,0,0,0,0,0
/storage/home/cjb6010/work/group_work/results/CC_models/76Mixed_bulk_CC/15C,2.13866,0.46277,0.0926259,0.0833633,0,0.231565,103.71,17.8811,16.093,0,44.7027,0,0,0,0,1.62654,0.0530527,0.0618724,1.90515,0.0319201,0.0442227,0.394068,0.283898,0.322034,2.28285,2.24E-21,-1461.71,40,0,0,0,1,0,1,0,0,1,1,67,0,0,0,0,0,0,0,0,0,0
/storage/home/cjb6010/work/group_work/results/CC_models/76Mixed_bulk_CC/16C,0.465427,0.470325,0.0967233,0.0782998,0,0.234899,102.252,18.672,15.1155,0,45.3464,0,0,0,0,1.61395,0.0407157,0.0548492,1.90507,0.0365368,0.0460022,0.398305,0.279661,0.322034,2.25846,2.25E-21,-1464.93,39,0,0,1,1,1,0,0,0,0,2,66,0,0,0,0,0,0,0,0,0,0
/storage/home/cjb6010/work/group_work/results/CC_models/76Mixed_bulk_CC/17C,0.819624,0.491522,0.0851298,0.0897314,0,0.266893,98.1597,16.434,17.3223,0,51.5227,0,0,0,0,1.61467,0.0498514,0.0677876,1.90229,0.0343771,0.047096,0.402542,0.275424,0.322034,2.24451,2.25E-21,-1458.01,37,0,0,1,0,0,0,0,0,0,2,65,0,0,0,0,0,0,0,0,0,0
/storage/home/cjb6010/work/group_work/results/CC_models/Mixed_8_Surf/1,1.97685,0.302924,0.0803484,0.0499463,0,0.0130295,134.568,15.5109,9.64193,0,2.51529,0,0,0,0,1.63795,0.0246885,0.031755,1.90322,0.017888,0.0238384,0.383966,0.362869,0.253165,2.48434,2.39E-21,-1530.05,87,0,0,1,0,0,0,0,0,0,0,86,0,0,0,0,0,0,0,0,0,0
/storage/home/cjb6010/work/group_work/results/CC_models/Mixed_8_Surf/2,1.98863,0.309438,0.0825199,0.0477747,0,0.0260589,133.31,15.9301,9.22272,0,5.03057,0,0,0,0,1.64214,0.017159,0.0222626,1.90523,0.0188027,0.0256564,0.388186,0.35865,0.253165,2.47315,2.39E-21,-1532.56,84,0,0,2,0,0,0,0,0,0,0,85,0,0,0,0,0,0,0,0,0,0
/storage/home/cjb6010/work/group_work/results/CC_models/Mixed_8_Surf/3,1.98894,0.315953,0.0846915,0.0456031,0,0.0390884,132.053,16.3494,8.8035,0,7.54586,0,0,0,0,1.64056,0.0140927,0.0195795,1.9074,0.0193221,0.0259726,0.392405,0.35443,0.253165,2.46196,2.39E-21,-1534.86,81,0,0,3,0,0,0,0,0,0,0,84,0,0,0,0,0,0,0,0,0,0
/storage/home/cjb6010/work/group_work/results/CC_models/Mixed_8_Surf/4,1.99469,0.322468,0.0868631,0.0434315,0,0.0521179,130.795,16.7686,8.38429,0,10.0611,0,0,0,0,1.65225,0.0246154,0.0284682,1.90897,0.0204153,0.0270678,0.396624,0.350211,0.253165,2.45077,2.39E-21,-1536.93,79,0,0,2,0,0,1,0,0,0,0,83,0,0,0,0,0,0,0,0,0,0
/storage/home/cjb6010/work/group_work/results/CC_models/Mixed_8_Surf/5,2.00496,0.328983,0.0890347,0.04126,0,0.0651473,129.537,17.1878,7.96507,0,12.5764,0,0,0,0,1.6514,0.0208553,0.0246096,1.9109,0.0215112,0.0282332,0.400844,0.345992,0.253165,2.43958,2.39E-21,-1539.47,76,0,0,3,0,0,1,0,0,0,0,82,0,0,0,0,0,0,0,0,0,0
/storage/home/cjb6010/work/group_work/results/CC_models/Mixed_8_Surf/6,1.98243,0.335497,0.0912063,0.0390884,0,0.0781768,128.28,17.607,7.54586,0,15.0917,0,0,0,0,1.6485,0.0247332,0.0291529,1.91295,0.0224023,0.028961,0.405063,0.341772,0.253165,2.42839,2.39E-21,-1542.43,74,0,0,2,0,0,2,0,0,0,0,81,0,0,0,0,0,0,0,0,0,0
/storage/home/cjb6010/work/group_work/results/CC_models/Mixed_8_Surf/7,1.9921,0.342012,0.0933778,0.0369168,0,0.0912063,127.022,18.0262,7.12664,0,17.607,0,0,0,0,1.64306,0.0261907,0.0308403,1.91515,0.0234897,0.0304708,0.409283,0.337553,0.253165,2.4172,2.39E-21,-1545.03,71,0,0,3,0,0,2,0,0,0,0,80,0,0,0,0,0,0,0,0,0,0
/storage/home/cjb6010/work/group_work/results/CC_models/Mixed_8_Surf/8,2.0063,0.348527,0.0955494,0.0347452,0,0.104236,125.764,18.4454,6.70743,0,20.1223,0,0,0,0,1.64988,0.0318284,0.0446566,1.91693,0.0249229,0.0318655,0.413502,0.333333,0.253165,2.40601,2.39E-21,-1547.25,70,0,0,3,0,0,1,0,1,0,0,79,0,0,0,0,0,0,0,0,0,0
/storage/home/cjb6010/work/group_work/results/CC_models/Mixed_8_Surf/10,1.33405,0.361556,0.0998926,0.0304021,0,0.125951,123.249,19.2839,5.869,0,24.3144,0,0,0,0,1.63916,0.0333039,0.0502912,1.91843,0.0261346,0.0326252,0.421941,0.324895,0.253165,2.38363,2.39E-21,-1550.78,68,0,0,2,0,0,1,1,1,0,0,77,0,0,0,0,0,0,0,0,0,0
/storage/home/cjb6010/work/group_work/results/CC_models/Mixed_9_Surf/1,2.02114,0.326039,0.0777647,0.0604836,0,0.00864052,130.105,15.0122,11.6761,0,1.66802,0,0,0,0,1.59877,0.00401026,0.00463064,1.90316,0.0185698,0.0241995,0.371308,0.35865,0.270042,2.42964,2.40E-21,-1508.95,85,0,1,0,0,0,0,0,0,0,0,85,0,0,0,0,0,0,0,0,0,0
/storage/home/cjb6010/work/group_work/results/CC_models/Mixed_9_Surf/2,2.054,0.33437,0.0815933,0.055827,0,0.0171775,128.497,15.7513,10.7772,0,3.31606,0,0,0,0,1.60479,0.00754635,0.00820049,1.90715,0.0188761,0.0250553,0.375527,0.35443,0.270042,2.40402,2.41E-21,-1513.1,83,0,2,0,0,0,0,0,0,0,0,84,0,0,0,0,0,0,0,0,0,0
/storage/home/cjb6010/work/group_work/results/CC_models/Mixed_9_Surf/3,2.05572,0.337259,0.0841919,0.0539691,0,0.0302227,127.939,16.2529,10.4185,0,5.83437,0,0,0,0,1.62275,0.019769,0.0219748,1.90661,0.0199227,0.0261684,0.379747,0.350211,0.270042,2.40586,2.40E-21,-1515.31,80,0,2,1,0,0,0,0,0,0,0,83,0,0,0,0,0,0,0,0,0,0
/storage/home/cjb6010/work/group_work/results/CC_models/Mixed_9_Surf/4,2.04914,0.339,0.0907255,0.0475229,0,0.0345621,127.603,17.5142,9.1741,0,6.67207,0,0,0,0,1.61524,0.0218513,0.0281545,1.90609,0.0194761,0.0254443,0.383966,0.345992,0.270042,2.39625,2.40E-21,-1519.83,79,1,2,1,0,0,0,0,0,0,0,82,0,0,0,0,0,0,0,0,0,0
/storage/home/cjb6010/work/group_work/results/CC_models/Mixed_9_Surf/5,2.05617,0.345481,0.0928856,0.0453627,0,0.0475229,126.352,17.9312,8.75709,0,9.1741,0,0,0,0,1.61132,0.0226154,0.0277664,1.90819,0.0200877,0.0264922,0.388186,0.341772,0.270042,2.38512,2.40E-21,-1523.16,76,1,2,2,0,0,0,0,0,0,0,81,0,0,0,0,0,0,0,0,0,0
/storage/home/cjb6010/work/group_work/results/CC_models/Mixed_9_Surf/6,2.09824,0.351961,0.0950457,0.0432026,0,0.0604836,125.101,18.3482,8.34009,0,11.6761,0,0,0,0,1.63084,0.0377322,0.0465161,1.9097,0.0209228,0.0281329,0.392405,0.337553,0.270042,2.37399,2.40E-21,-1525.16,74,1,2,1,0,0,1,0,0,0,0,80,0,0,0,0,0,0,0,0,0,0
/storage/home/cjb6010/work/group_work/results/CC_models/Mixed_9_Surf/7,2.09846,0.358441,0.0972059,0.0410425,0,0.0734444,123.85,18.7652,7.92309,0,14.1782,0,0,0,0,1.63252,0.034666,0.0437054,1.91186,0.0223622,0.0293104,0.396624,0.333333,0.270042,2.36286,2.40E-21,-1527.03,71,1,2,2,0,0,1,0,0,0,0,79,0,0,0,0,0,0,0,0,0,0
/storage/home/cjb6010/work/group_work/results/CC_models/Mixed_9_Surf/8,2.08757,0.364922,0.099366,0.0388823,0,0.0864052,122.599,19.1822,7.50608,0,16.6802,0,0,0,0,1.62983,0.0326769,0.0436415,1.914,0.0229832,0.0300877,0.400844,0.329114,0.270042,2.35172,2.40E-21,-1530.15,68,1,2,3,0,0,1,0,0,0,0,78,0,0,0,0,0,0,0,0,0,0
/storage/home/cjb6010/work/group_work/results/CC_models/Mixed_9_Surf/9,2.06441,0.371402,0.101526,0.0367222,0,0.099366,121.348,19.5992,7.08908,0,19.1822,0,0,0,0,1.63164,0.0322415,0.0420314,1.91658,0.0234428,0.0304061,0.405063,0.324895,0.270042,2.34059,2.40E-21,-1532.51,65,1,2,4,0,0,1,0,0,0,0,77,0,0,0,0,0,0,0,0,0,0
/storage/home/cjb6010/work/group_work/results/CC_models/Mixed_9_Surf/10,2.06018,0.377882,0.103686,0.0345621,0,0.112327,120.097,20.0162,6.67207,0,21.6842,0,0,0,0,1.64071,0.0458383,0.0708709,1.91848,0.0236741,0.0309171,0.409283,0.320675,0.270042,2.32946,2.40E-21,-1534.24,63,1,2,4,0,0,0,0,0,1,0,76,0,0,0,0,0,0,0,0,0,0
